予定名,週番号,開始日時,終了日時,所要時間,運動時間,場所,説明
【Diary】,1,2025/12/29 23:30,2025/12/30 00:00,0:30,,,"今日は、エコナビスタの面接。
面接自体はとても良い感じでした。
ちょっと行ってもてもいいかなと思える気もしました。
ただ、自分がやりたいことは、特定のサービスを売るというよりも、
働き方全体を変えるような仕事をしたいなと思うようになりました。
色々調べると、まだまだ応募できる会社はたくさんありそうだった。"
【Diary】,1,2025/12/30 23:30,2025/12/31 00:00,0:30,,,"やりたいことが見えてきた気がする。
ひとつ目は、ソリューション営業、
または社内のDXの推進。
そして、ありたいこともはっきりして来た気がして。
できればGoogle workspaceを使った業務をしたい。
できればスーツにネクタイの仕事はもういやだ。
まだまだできることはたくさんある。
まだまだ応募できる会社はたくさんある。
まだできることがたくさんあるとわかる。
と、気分がすっきりする気がする。
もうやることがない。
手詰まり感の方が辛い気がする。
やりきって迎える年末もいいけれども
まだまだできることはたくさんあるぞ。という感覚で迎える年末もいいかもしれない。"
【Diary】,1,2025/12/31 23:30,2026/01/01 00:00,0:30,,,"午前中、ヨドバシカメラに行った。
スマートリングがとても気になった。
これで、健康管理ができたらいいな、と思う。
安いもので1万円ぐらい。
高いと3万から5万ぐらいする。
 Smartwatchとどっちがいいのか悩む。
でも最近はお金を使い過ぎなので、少し我慢したいとも思う。

音声入力が素晴らしいと思う。
ヘッドセットを使って、日記を入力するとか。
スマートphoneへの入力も、音声入力の方が断然早い気がする。
ラインの返信とか。調べものとか。
それから、AIとの会話についても。音声入力の方が断然早い気がする。"
【Diary】,1,2026/01/01 23:30,2026/01/02 00:00,0:30,,,"体重：58.3kg

4時半に起きることができた。
良い滑り出しだ。
やりたいことがたくさんあるぞ。
とりあえず、ブログの投稿。
そして、ブログの下書き内容は一年の振り返りと2026年末にこうなっていたいなということ。
それから読書。「転職する勇気」の内容もまとめることができた。
そして、転職の思考法も読むことができた。
これからやりたいことは？
使ったお金の記録を指導で。
スプレッドシートにまとめることをやりたい。
メールが届いたらスプシに自動で転記できたらいいなあ。
それからスマートウォッチまたはスマートリンクが気になっているが、
買うのは3月末からでもいいかなと思い始めた。
今日出かけたのは、マックとイオンぐらい。
イオンはお正月でもやっているから、とても混んでいた。"
【Diary】,1,2026/01/02 23:30,2026/01/03 00:00,0:30,,,"朝4時に起きることができた。
GASとAIを組み合わせてメールに届いた利用明細をスプレッドシートに出力することができた。
うまくいってとても気持ちがよい。

雄太君の家にお年玉を持って行った。
航太が家のお金を勝手にお財布に入れていた。
多分、お金を使いたい。というよりも、小銭を手元に。置きたかったっていうことだと思うけども。アホすぎる。ちょっと今後が心配になってくる。

夕方ヤマダ電機に行って。switch2を買ってしまった。まあ、いずれ買うのかと思ったけども、まさかこのタイミングで買うとは。

YouTubeを見ながらダンスの運動をした。最近運動不足だったのでとても良かったとは思う。芽依も一緒にやってくれたので良かった。
こうなると任天堂スイッチでフィットネスのソフトが欲しくなってくる。

最近はsmartwatchも気になってるし。また物欲がどんどん増えてくる。"
【Diary】,1,2026/01/03 23:30,2026/01/04 00:00,0:30,,,"SWITCH 2のソフトでフィｌットボクシング3を買った。
30分かける2セットをやった。
外で運動できないのならせめて家の中で運動しないといけないなとさすがに最近は感じる。

テレビを Google nest mini から操作する方法を覚えた こんなことができるなんてね 今さら気づくのがちょっと恥ずかしい。

カスと AI を使って重要なメールにスターをつけることをやってみたどんどんできることができて楽しくなってくる。"
【Diary】,1,2026/01/04 23:30,2026/01/05 00:00,0:30,,,"・VoiceInに課金をしてみた。
・アクアボイスだとインストールの作業が必要だと思ったのでこちらにしてみた。
・1ヶ月試してうまくいったら課金を継続したいと思う。
・音声入力って本当に便利。

・実家で新年の集まり。・この9連休で完全に音声入力にはまってしまった。・
ただ職場に一応イヤホンは持って行く予定だけどこんなに音声入力を活用できるかは分からない。
周りの目もあれば電話が来たり話しかけられたりする環境でどこまでできるだろうか。"
【Diary】,2,2026/01/05 23:30,2026/01/06 00:00,0:30,,,"新年早々パソコンが動かない
9時半ぐらいまでまともに動かない
もう本当に嫌になってくる
左目の調子がまだ若干悪い
来週ぐらいに病院に行こっかな
自宅ではこんなに音声入力を活用しているのに
職場では結局できなかった
ちょっと悔しい
仕事は Google タスクを活用してちょっと慣れてきたかもしれない
長太さんが来月の沖縄のホテルを取っていないということに気づいたり…

仕事終了後ワークボードで打ち合わせ
明日の面接が2件
1間は営業として一件はマネージャーとして
対照的なのが面白い
一件は最初所詮コールセンターかなと思ってたけども意外と面白そうかもしれない
しっかり準備をして臨みましょう"
【Diary】,2,2026/01/06 23:30,2026/01/07 00:00,0:30,,,"転職活動はゲームだ。
ゲームにクリアしようとする気持ちで行けばいいんだ
今日は面接が2件あった
2件は意外と疲れる
夜もよく眠れなかった
たださすがに4件5件繰り返すと慣れてきた気がする
1軒目はアルティウスリンク
意外な質問が多くてちょっと！
例えば農協観光に入社した理由
今思えば旅行だけでなくて営業から天井まで一貫してやるという特徴を言えばよかったなと思う
それから成果が出ない部下のマネージメントをどうするかという質問
今思えば
成果を出したくても出せない部下という前提で
普段からよく見てちょっとした進歩でも指摘してあげるということを言えばよかったかなと思う
もう一件はアドウィック
最後に言われた今でも十分やりたいことができてるんじゃないかというのが少し引っかかった
ただここは豆説というよりかは打ち合わせのような感じで双方向に話ができたのが良かったとは思う"
【Diary】,2,2026/01/07 23:30,2026/01/08 00:00,0:30,,,"できたこと。
職場でも音声入力を試すことができた。
iPhone の有線イヤホンを使う。
イヤホン部分が邪魔ではあったけどもマイクの性能はでも良かった。
これで仕事の生産性も大きく開けることができると思う。
とはいえ もっと良くしたいので Amazon で3000円ぐらいのワイヤレスピンマイクを買ってしまった。

転職活動について
不採用が2件
なかなか難しいね
それなりに準備をしたけどもまだまだ準備が足りないみたい
具体的には相手に安心感を与えることが足りてないのかもしれない
でもそれが分かっただけでも良い学びになったと思う
これからのテーマは相手にこの人はできるという安心感を与えるということですね"
【Diary】,2,2026/01/08 23:30,2026/01/09 00:00,0:30,,,"菊池さんと外勤へ
朝雪がすごかった
北広島インターまで1時間
まずは日高西部の今日機械センター
広域の貯金
午後からとわの森
2対1時間で行きが車に積もってしまった

アドリックも駄目だった
これで一旦白紙になる
やっぱりいい人ではダメなんだ
よ自信を思って相手に安心感を与えないといけないんだよね
仕事ができると安心させないといけない
活躍してイメージは絶えないといけない
43歳で未経験の業界はやはり難しいかもしれない
難しいというよりかは相手はこっちが思ってる以上にできないと思っているかもしれない
もっと過去の自分と向き合わないといけないのかな
ダメだった過去の誤解の面接から共通点を探さなければいけない
やっぱりもっと自分はできるということを伝えなければいけなかったのかもしれない
多少話を持ってもいいのかもしれない自信を持って自分は大丈夫ですと伝えるその上でその根拠のある実績を拾い出す"
【Diary】,2,2026/01/09 23:30,2026/01/10 00:00,0:30,,,"職場での音声に入力がまたレベルアップ。
左手でマイクを持ち同時に右手で音声ボタンをオンにすれば良いのだと思う
近くだとマイクをオンに耽っぱなしにしてもいいけど職場ではそれができない
なぜなら周りの声や自分の声が入ってしまうので
入力の時だけオンボタンを押して
入力が終わったらオフにする必要がある。

ピボットの動画でカジュアル面談の動画を見たスカウトメールを送って企業に帰ってくるのはだいたい5%程度らしい。
そんなに少ないんだと思った。

企業にとってのカジュアル面談とは会社のことを知ってもらう機会なんだね。
それはそれでいいんだけど、だったら正直にそういえばいいのに
ぜひうちの会社に来てくださいみたいなスカウト送るのはどうなのかなとも思うが。"
【Diary】,2,2026/01/10 23:30,2026/01/11 00:00,0:30,,,"旅のしおりをAI と Google ドキュメントを使ってうまくくれないかを考え始める

札幌で gws を投入支援してる会社ってある？
または使ってる会社はある？

NTT インテグレーションが 札幌市のGoogle ワークスペース導入を請け負ったようだ
それから GSI という会社もあるみたい

自分の強みに関してトラブル対応に強いという強みはどうだろう。
それから自分の強みはユーティリティプレーヤーであるということも言ってもいいかもしれない
逆に弱みは as ストライカーになれないということ

ききりん AI と相談して色々と学びがある
面接では御社は。。が不足している
子を私は。。の経験を使って埋めることができる
3ヶ月以内にここまでやる

過去の実績を出して
売上としては新型コロナ前の7割ぐらいだが
一人当たりの数字で言うと1.5倍に上がった
それは仕組みで解決した
というようなやり方がいいのかもしれない

こういうやり取りが必要なような"
【Diary】,2,2026/01/11 23:30,2026/01/12 00:00,0:30,,,"午前中は献血へ
針を刺した時今までにないしみるるような痛みがあった
すぐに収まったから大丈夫だけど少し焦った
やっぱり献血に行くとくだっと疲れるね

メルカリで Apple Watch と AirPods を出品しようと思う
この2つで何とか1万5000円
それからコンサのバックとマザーハウスのバックでなんとか1万5000円
合計で3万円を手に入れれば
今あるお金と合わせて4万円になるのでこれでなんとか
Pixel Watch を購入できないかと思う
6月に新しいバッグが来るのでここで処分しないと
もう思い切って川にしかばんの背を運も処分していいかなと思う
普段使うバッグは先生3つぐらいがいいとこだよね

YouTube で面接の対応方法を見始める
やっぱり再現性と継続性なんだよねきっと
分かってはいたがこれまでできなかった気がする
自分の準備不足もあるけどもやってみなきゃわかんないっていうことも多々あると思う

ただそう考えると業界を変えるというのはなかなか大変
でももう後戻りできないしある意味もう今が最後のタイミングだからやるしかない"
【Diary】,3,2026/01/12 23:30,2026/01/13 00:00,0:30,,,"子供達のスキーの練習
小学校のグランドへ
芽依はほぼ問題ない
スキーの出し入れも靴の脱ぎ履きもしっかりできる
蟹歩きで病に登ることも
これから遊べることを練習すれば大丈夫
ただちょっと滑るのはまた恐怖心があるようだ

航太はちょっとどうしようもないかも
体が柔らかく、かつ筋肉がない
転んでも立ち上がれない
山に登ることすらできない
人間誰しも苦手なことはあるからね
苦手なスキーを格好でさせられるのかわいそうだ
ただ昨日はやる気を見せた
もう帰るかい？って聞いても頑張った

転職活動は第二章へ入りそうだ
今までも十分わかってたつもりだけど全然ダメじゃんって反省
一言で言うと再現性と継続性をうまく伝えられなかった
そのためには企業研究でものすごく大事なはずなのに
数応募してたというところもあると思う
エージェントの言いなりになったところもあると思う
自分の軸が足りてなかったんだよね
今日から第2章の始まりです

まずは過去のしっかり自分自身と向き合いましょう"
【Diary】,3,2026/01/13 23:30,2026/01/14 00:00,0:30,,,"ここから転職活動第2章が始まる。
これまでもしっかり準備したつもりだったけど全然ダメだったんだね
さんの動画が染みてきますよ
大切なことは継続性と再現性をアピールすること
それから数申し込めばいいってもんではないということ
ちょっと転職エージェントのいいなりになりすぎた気もするし
そもそも自分が本気になれなかったような気もするし
とはいえその瞬間その瞬間は戦力を尽くしてはいたつもりだけども
やっと1ヶ月やって面接も経験して頭ではなく腹落ちをしてきた気がする
これは経験しなければわからない
幸いなことにここまで落ちてきた会社のうち
どうしても行きたい会社はほとんどない
これから第2章
何とか2月末までに決めたいね

なんか本当予定通りで怖いくらい
というのは1月の上旬から中旬に一旦全部落ちて
絶望を仕掛けるというのがほぼ予定だった
予定通り一旦全て落ちてしまったが
それほど絶望もしていない
まだまだできることがたくさんあるので逆にちょっとワクワクしている"
【Diary】,3,2026/01/14 23:30,2026/01/15 00:00,0:30,,,"会社について
今日もパソコンが止まる
日中も固まる
1日に1回は再起動しないといけない
自分の使い方悪いのかな？

転職について
めちゃくちゃむずい
いよいよ転職エージェントからも連絡は来なくなった
もうお前には無理だと言われているのかもしれない
よいよ手持ちのコマがなくなってきた
さあ第2章のスタートだ

転職理由を考えるだけでめっちゃ時間かかる
大切なことは次の会社も簡単に辞めないと思わせること
ポイントは相手にその理由なら仕方ないよねと思わせること
そしてそれならうちの会社に来ればいいよと思わせること

ただそれが難しい
どんな理由であれツッコミとか突っ込もうと思えばいくらでも突っ込めるからね"
【Diary】,3,2026/01/15 23:30,2026/01/16 00:00,0:30,,,"生活について
カワニシカバンが意外と希望した値段で売れた
約5万9000円
丸1年使って定価の2万円引きで売れたらこれはかなり良かった
それから Nintendo SWITCH の15000円で売れた
これでついに Pixel Watch を買うことができそうだ

転職について
朝1時間半、夕方も1時間半
新しい職務経歴書と転職の軸を考えるのに使った
なかなか根気のいる作業だ
失敗を経験してそれからいろんな動画を見てやっと何か掴み始めてきた気がする
やっぱ何事もやらなきゃわからないよね
経験して初めてわかることたくさんあるよね
自分はそんなに要領のいいタイプじゃないから
こうやって学んで経験していくんだよね

仕事について
やっと支店長に今後のスケジュールを話した
2月の最終日に書面引き継ぎをして
3月1周目に挨拶回りをして
3月2週目に海外添乗があって
3月3週目で最終出社"
【Diary】,3,2026/01/16 23:30,2026/01/17 00:00,0:30,,,"メルカリについて
出品した Apple Watch の初期化をミスった
ペアリングは解除できてなかった
アカウントができてなかった
買った人に迷惑をかけた
までもそこまで高価なものじゃなかったし
5000円ぐらいのものだし
また被害は少なかったかもしれない

転職について
まず疲れた
エージェントと会社と合計3社の面談
なかなかハードだった
疲れすぎて午後の仕事が全然できなかった
やっぱり旅行っていう軸はなかなか外せないのかね
少し幅を広げないといけないね

職務経歴書
新しく作り直してまあまあ行けるかなと思ったけど
また深みにはまってくる
考えることが多すぎる
これが誰もが言う転職活動の大変そうなのかな
まあ分かっていたからいいんだけど

たまたま夜見つけた募集で
フルリモートの gws の営業
もしかしたらちょっと行けるんじゃないかなと思い始めてきた

あとそれからサイボウズ
ペットもう志望動機の書類が必要なんだって
大変だけどここまで来たから頑張りましょうかね"
【Diary】,3,2026/01/17 23:30,2026/01/18 00:00,0:30,,,"メルカリについて
マザーハウスのバッグもついに売れた
これで所有しているバッグは2つだけになった
1つはフラップトート
1つはワンショルダーsoe
当面はこの2つだけで頑張っていこうと思う
Apple Watch も なんとか解決しそう

その他
Pixel ウォッチ 4をついに買った
メルカリの売上で買ったんだから問題ないでしょう
ヘッドホンの買うかどうか少し迷っている

転職について
サイボウズの志望理由が少し見えてきた
コミュニティを作りたいんだ
サイボウズを使っている会社の中でコミュニティを作ってもらう
これが最強だと思う
自分が今やっていることやりたいことのストーリーもうまくできているのでこれでダメなら仕方がないと思えるかもしれない
実際現場で使ってる人にはばらつきがあるはず
アップシートでも使いやすいからもっと使って欲しい
でも使う人はバリバリ使ってるし使ってないとほとんど使ってないと思う
な状況で会社の中でコミュニティを作ってよりみんなが使えるようなお手伝いをしたい
最初は自分が中に入って手伝いやがて自立をしてもらう


それから Google ワークスペースを使う会社の理由もちょっと 定期できた
自分が心から売りたいものを売りたい
このストーリーってどうだろう
これまで自分は顧客ファーストでやってきた
会社から手数料が高い施設を使えと言われてもできる範囲でより顧客のためになると思う施設を使ってきた
でもどうしても大人の事情で集めなければいけないツアーもあった
Google ワークス スペアだったら自分が好きすぎて心から進めたいと思える
そんな気がする

あとは観光協会の実績を集めなきゃいけないんだね
・営業の数字を作ったこと
・チャーターを集めたこと特に稚内は地元を盛り上げた
・納棺塾で地域に貢献した"
【Diary】,3,2026/01/18 23:30,2026/01/19 00:00,0:30,,,"転職活動について
今日は特に進展なし
月曜日からまたしっかり頑張ろう
とはいえなかなか忙しいよ

逆質問では自分はこういうことをしたいと思ってますかできそうです？
とアピールするのもいいと思う
御社にはこういう課題があると思ってますが、私のこういう経験は活かせそうでしょうか？

日曜日だけど妻が仕事
子供たちを連れて青少年化学館へ
土も行きたいというので一緒に
コナンのプラネタリウムはまあまあ面白かった
芽依は工作も楽しんだ

Google のイヤホンをメルカリで購入してしまった
定価3万6000円ネットで23000円から4000円ぐらいで販売してるものを
未開封で1万8500円で購入
これで Pixelとスマートウォッチとイヤホンが揃った

今使っているオーディオテクニカのヘッドセットを処分できないかと一瞬考えたが、
ハンズフリーで口元で喋れるこの環境はなかなか手放せないと思う。"
【Diary】,4,2026/01/19 23:30,2026/01/20 00:00,0:30,,,
【Diary】,4,2026/01/20 23:30,2026/01/21 00:00,0:30,,,"Pixel Watch について
ついに届いた
2日で届いたから非常に感謝だね
最初ジェミニーやカレンダーの連携ができず困った
どうやらこれは Google ワークスペースの問題 のようだ
コンソールから設定して何とか解決
色々設定に戸惑う
今後もSuica とか au Pay とか色々 設定をしなければいけない
一番の目的は睡眠管理とか運動記録、いかにスマホを見ないか
これらを何とか達成したい

転職について
昨日2社申し込み終えてちょっと疲れた
また観光地にした経歴書を作成しなければいけないがなかなか手がつかない
だめだね待たせてしまっているエージェントを

源泉徴収が届いて650万だった
ここから月10万減ったらさすがにきついよね
ほんのちょっとだけ気持ちが揺らがなくもない
でももう気持ちは今更変わらないよ
10年後のことを考えたらここで一時的に給料が下がっても
後々大変なることは分かってるから

そういえば昨日購入したロジクールのキーボードとても良い感じだ
もっと早く買えばよかった"
【Diary】,4,2026/01/21 23:30,2026/01/22 00:00,0:30,,,"航太のスキー授業＠藻岩山
行って良かった
とても先生に任せられないあの団体動物は。
今年はスキーを履いて良かった
リフトも3回乗れた
去年みたいに下で面倒を見るのだけはかなり大変だったので
今度一人で藻岩山行ってこよっかな

転職について
直接申し込んだ会社がだめだった
何でダメなんだろう？
やっぱり年齢なのかな？
でも年齢はもう変えられないので仕方がない。
あとは履歴書と職務経歴書か？
未経験だと難しいのか？
それとも自分の書類に問題があるのか？
なかなか難しい

今度はDODAの面談
良い人想定良かった
あまりエージェントを広げたくはないが
この状況なので多少やむを得ない

ノンプロ研のコミュニティ講座
チャットとブラックとそれから X のポストはなかなか大変だったが、
なんとか無事終わって良かった"
【Diary】,4,2026/01/22 23:30,2026/01/23 00:00,0:30,,,"転職について
もっと自分の転職の時間を考えなければいけないのかもしれない
昨日の面談が微妙だったので
微妙っていうのは自分の受け答えがしっかりできなかったということで、
質問に対して
・結論
・理由
・事例
・再度結論
と簡潔に答えなければいけない
としてそのためには自分の中で回答がしっかりしてないといけない

Pixel Watch について
がリアクションが遅い気がする
Apple Watch の時に比べてワンテンプ遅い気がする
おかしいなアップルウォッチは5年前から使っていたのね

イヤホンが届く
これでスマホスマートウォッチイヤホンが Google で揃った"
Diary,4,2026/01/23 23:30,2026/01/24 00:00,0:30,,,"転職活動について
Dodaと電話面談
わかってはいたがなかなか簡単ではないようだ

一番のネックは書類選考
・年齢
・勤務希望エリア
・現在のアナログな環境
これがネックらしい

とにかく書類選考を通らなければ話にならないようだ"
【Diary】,4,2026/01/24 23:30,2026/01/25 00:00,0:30,,,"旭川へ
こうたを台場において旭山動物園へ
思ったよりも混んではいた
ペンギンの散歩の行列がすごかった
その他は特別混雑してはいなかった
冬の方が動物が生き生きしてる感じがしているのか良かった
天気も良かった

転職について
本を少し読んでいる
いろんな情報が入りすぎて行ったまとめなければいけない
ピコ PR では意思決定や人を巻き込む力をもうちょっとアピールした方がいいのかもしれない
それから 繰り返し改善をしてきたことも PR なるかもしれない"
【Diary】,4,2026/01/25 23:30,2026/01/26 00:00,0:30,,,"数年に一度の大雪
午後2時に旭川を出て自宅に到着したのが午後9時
江別までは高速を使って1時間半で着いたが、
江別東インターからイオン江別まで2時間
イオンから自宅まで2時間
これはなかなかしんどかった
ただ予定があったわけでもなく体調不良だったわけでもなく
子供たちの頑張ってくれたのでそれは救われた
これで何か事情があったら大変なことになっていた
旭川から岩見沢までがほぼ快晴ででも順調だったし、
旭川なんて道路が乾いて見えていたのでそのギャップがすごかった"
Diary,5,2026/01/26 23:30,2026/01/27 00:00,0:30,,,"ピクセルウォッチについて
ahamo にしたらとか考える
ahamoもだったら ピクセルウォッチの LTE が使えるはず
それから海外でも使えるので一旦試してみるのはアリかもしれない
3月に海外添乗あるしね
余計な申し込みと同じで使えるのはいいかもしれない
鍵だけ持って家から出られるのは最高だよね

日記
昨日は大雪だった
でも地下鉄は何も影響がないので最高です
JR の人やそれから 一軒家の人は本当に大変なようだ
早く帰って除雪したいと言ってた
今日も朝9時にサーバーが動かない
毎朝20分は損している

転職について
他社でも必要とされるものってなんだろう
実績なんだけど過去の実績ではなく、初期の会社でも展開できるもの
自分が受けれる側だったらどんな実績の人が欲しいか
当然会社に利益をもたらしてくれる人
利益を分解すると売上アップまたはコスト削減

自分の弱み
ケアレスミスが多い
なのでこれまでもずっと仕組みで解決しようとしてきた

これから記憶力が弱い
絶対にメモを取る
記録を取る

コミュニケーション能力が決して高くはない
なので準備する
企画書を工夫する

これまでに決断した事って何だろう
・電話受付やめた決断
・手数料上げた決断

数を踏んだ経験って大事だよね
40代の自分だったらなおさら
そしてそれを再現できないといけない

自分の転職の軸
転職の軸とは譲らないものは何か
よく考えたら生産性の高い環境かもしれない
最新の AI を使えればもうそれで満足かもしれない

サイボウズもだめでした
仕方ないよね
全て面接には行きたかったけど
きっとうまくいったらあっという間なんだろうけど一歩が難しいんだよね
この苦しさ楽しむことができればいいよね
うまくいかないことを楽しむのが人生最高ですね"
Diary,5,2026/01/27 23:30,2026/01/28 00:00,0:30,,,"ahamo 契約した
これで月3500円ぐらいかかるかもしれない
でも家のネット回線が不安定な中でドコモの回線があることは心強い
テザリングも使える
そしてpixel watchのみでの外出も可能になる

転職活動について
いろいろ YouTube なんかを見てるが言ってることはわかる
具体例もわかる
ただいざ自分の職務経歴書に落とし込もうとするとどう書けばいいかよくわからなくなってしまう
なかなか難しいね

エージェントこれはたくさん申し込めと言われる
とはいえ本当にそれでいいのかという迷いも
多少面倒だっても職務経歴書はいくつか使い分けた方がいいのではないか"
Diary,5,2026/01/28 23:30,2026/01/29 00:00,0:30,,,"今日は年休を取っておやすみ
芽依のスキー学習のお手伝い
小学1年生がわらわらと集まっているのはなんかとても可愛かった
天気が良くて良かった

おやすみなのに電話が遠慮なく来る
明日のキャンセルとか人数変更とか
もうそんなことに時間取られたくないんだよな
営業担当とやってること変わんねえじゃん
一応管理職なんだけど

仕事が来ても嬉しくない
むしろ面倒だと思ってしまう
この状況は非常にまずい
この1年間どんな仕事が楽しかった？
入札に挑戦したのをやりがいがあったね

転職活動について
半日かけてノートをまとめたけど、
やって良かったとは思うがまだまとめきれていない
時間がかかるね
本当は1ヶ月前にここまでやるべきだった

Googleドライブデスクトップ版
なんて便利なんだ
なぜ今までやらなかった
もったいない
ダウンロードとか本当にWindows と同じ感じでできる
でも会社のパソコンじゃできないんだろうな？"
Diary,5,2026/01/29 23:30,2026/01/30 00:00,0:30,,,"ゆるてん
NotebookLM活用
一度見たYoutubeをNotebookLMに入れて会話すれば理解が深まる！
転職関係のチャンネルをみてもすぐに忘れるからよいと思ったものはNotebookLMに入れて後で振り返ればいいんだ！
志望動機
やっぱり共通の職務経歴書を一括送付はよくないよね。
手間だけど企業ごとの志望動機を少しでも入れた方がいいよねという結論に。
エージェントの人に嫌がれるかなと思ったけど意外と理解してもらえた
大変だけど頑張る

仕事
ナガタからクレーム
勝手にモニター使ったって。
まぁ自分も悪いけど、
あの時無責任にあれだけ中途半端な仕事を放置して対応したのに、感謝とかそういうのは何もないんだね。
多分４月以降はもういないでしょうね。"
Diary,5,2026/01/30 23:30,2026/01/31 00:00,0:30,,,"転職について
なかなかしんどいね
1日で10社落ちると思わなかった
1月の最終営業日を狙ったかのようなこの対応
なかなかですね

でも大丈夫
路頭に迷うわけではない
いくらかの蓄えはある
まだまだできることはある

とはいえダメな理由を考えなければいけない
大前提として野球のバッターと考えよう
どんなに良くても書類通過率を3割と仮定して
その中でいかに打率を上げるか

考えられることは
・年齢的ににどうしようもない（これは変えられない）
・書類に改善の余地がある
・応募する企業を見直す余地がある
こんなところだろうか

あえてやりたいのはit の営業ではあるけれども、
そもそもデジタルが整った環境でできれば極論なんだっていい。
ただ何だっていいだとそれはそれで見つからないから
ちょうどいいところを狙ってるんだけど、

でも結局俺が働きたい Google ワークスペースの環境 なんて調べてもわからないから、
ある程度返すで勝負しながら見極めるっていうのも大事なのかもしれない。"
Diary,5,2026/01/31 23:30,2026/02/01 00:00,0:30,,,"■転職活動について
難しいね
より即戦力でなければいけないということが痛感されますよ
より良い経験のある人がいればそっちをとる
を当たり前といえば当たり前ですがね
自分の優先順位がより良い働く環境ということであれば
コミュニケーション2を使ってるかなんてわからないから
とにかく数応募するというのも一つの手なのかもしれない

だったら今の会社に残るか？
いやその選択肢はやっぱりないよね。
今後数年を考えたらやっぱりここに残るという選択肢はないと思っている。

■ノンプロ研について
せっかくキャンバが無料期間なので
朝もくのスライドをはじめてキャンバで作ってみた
すごいよね絶対に自分じゃ作れないようなものができましたよ
と言って課金するほど活用はしないしな
まだ使いこなしてもいないし、
選択肢が増えたということで OK としましょうか"
Diary,5,2026/02/01 23:30,2026/02/02 00:00,0:30,,,"転職について
気になる会社にまたここぐらい応募してみた
現在約8-から9社が応募済み
Bizリーチの履歴書もちょっと直してみた
ウォンテッドリーも少しまた見てみようかな
まだまだやれることはたくさんあるが、少し疲れたといえば疲れた
気持ちはあるが体がついてこない
せっかく勝負の2月と決めたのに
ここが踏ん張りどこだ！

実家へ
除雪が大変らしいのでお手伝いに
たまにこうやって体を動かせるのはとてもいいかなと思う
子供たちに芽依はというか雪遊びを楽しんでいる
こうやって休みに体を動かすのはとてもいいね"
Diary,6,2026/02/02 23:30,2026/02/03 00:00,0:30,,,"日記
芽依が風邪でおやすみ
いつも学校に行きたがるので珍しい
朝はだいぶ弱っていた
それで自分は午前休を取った

転職活動について
とりあえずこの3日間ぐらいでまた10社ぐらい申し込んだ
SaaS関係を少し探してみようと思う
間口が広いことと営業経験が活かされそうだから
とはいえ40代は楽ではないと思う
旅行×SaaSもフルリモートであればわずかだがありそう

まだ残っている会社
・DODAで気になるをした会社
・旅行×SaaS
・農業テック系
・SaaS全般

ただあと10から20はあるかもしれないがおそらくどんなにスポっても100社には達さないと思うのでそろそろ決まらないとまずい。"
Diary,6,2026/02/03 23:30,2026/02/04 00:00,0:30,,,"転職について
ナツメグに直接申し込んでみた
まだまだできることはある
・PR 素材をまとめてみようか
・jr北海道 も申し込んでみた
アグリースマイルと言う東京の会社がもしかしたら向いているかもしれない

心が折れてしまいそうな自分と、まだまだ大丈夫だぞという自分がいる
直接法もありなのかな
それと最後まで来たら誰か知り合い頼むしかないのかな
40代からの異なる行政への転職は本当に難しい
できれば2月で決めたい
なんとかヨーロッパに行くまでに内定が欲しい

20年前思い出すね
の時は ANA セールスに落ちて 結構落ち込んだけど
6月末までに決めるって何か根拠はないけど自分の中で決めたらなんかギリギリ間に合ったよね

この歳になったからもう大手がいいななんて思わない
でも大手に引かれる自分と
よくよく考えるとスピード感のない大手の方が危険になりましてくるこの時代は

じゃあ残りたいか
その選択肢は今はない
会社としては悪くはないかもしれないけどね
今の札幌の環境はちょっと
営業に行かないからどんどん仕事取られちゃうよ
かといって営業に行く余裕もないし
自分だけ行くのもなんかわからんし
新入社員にこんな状況で営業行ってこいなんてなかなか言えないし
はぁ辛い"
Diary,6,2026/02/04 23:30,2026/02/05 00:00,0:30,,,"転職活動について
今日も3社くらい書類で落ちたけどやっと2つ通った
書類の通過がこんなに大変だとは思っていなかった
もうdodaでは一件も通らないかと思った
今は辛いけど10年後は信じるのだ
10年後笑って暮らせることを信じて頑張る

この週末でまたたくさん申し込むよ
ここでたくさん申し込んでおいて
午後から帰ってきたらまた面接が1つか2つあって
そうなれば何とか2月末までに決まらないかな

自分について
そういえば考えることが好きだよね
工夫することが好き

仕事について
今日もネットが繋がらない
今日は9時半まで繋がらなかった
こんな状況も我慢できない"
Diary,6,2026/02/05 23:30,2026/02/06 00:00,0:30,,,"転職活動について
自分のことを深掘りできなかったもう1件書類通過が来た
ちゃんと数申し込めば通るんだなとちょっと安心
まだまだ決まったわけではないけど、きっといつかは絶対に決まるだろうという安心感が少し出てきた
とはいえ今まで面接1回も通ってないからこれからが本当の勝負
これまでの反省点は
・企業研究が甘かった
・自分のことを深掘りできなかった
・聞かれるとわかってることに答える準備ができていなかった

支店長と外勤へ
15時に外勤から帰ってきてネットがまた30分繋がらない
絶対にやばいよねこの会社
本当にこれが一番我慢ならない
改めてここに残る選択肢はないと思う
そして10年後にはもう心配しかない"
Diary,6,2026/02/06 23:30,2026/02/07 00:00,0:30,,,"転職活動について<br>一通り結果が出た<br>これで手持ちの会社は3社+α<br>本来はこの段階でもうすぐ車申し込むべきかがそれよりもこの三者に力を入れた方がいいのかもしれない<br>できればね5社ぐらいにしてそっから決めたいんだけどね<br><br>今のところこの中での第一志望はリコーかな。<br><br><br>ノンプロ件について<br>コミュニティ講座の内容が決まった<br>これはなかなか良い感じかもしれない<br>ずっと考えてなかなか決まらなかったけど、<br>楽しみな講座になりそうだ<br><a href=""https://keep.google.com/u/0/#NOTE/1ZEA782sbELPeoaYUOaVot9od0EtU6vkElhlrX3OhzTHpoeUTai1PxOm8PhJJTg"">https://keep.google.com/u/0/#NOTE/1ZEA782sbELPeoaYUOaVot9od0EtU6vkElhlrX3OhzTHpoeUTai1PxOm8PhJJTg</a><br><br>仕事について<br>関係ないけど来年の体制を勝手に考える<br>若い人の負担を増やしてはいけない<br>菊池さんと美月さんの負担が増えるようだとまずい<br>でも今のメンバーはやりそうやって若い人やめて代仲良し組だけの来ればいいんじゃないですか金の人もやめて<br>今いいんじゃない？"
Diary,6,2026/02/07 23:30,2026/02/08 00:00,0:30,,,"転職活動について
もしかしてリコーの適正検査1日遅れた？
昨日やっておけばよかった。
子どもと一緒に寝てる場合ではなかった。
でも、大丈夫。きっとこれだけで落とされることはないと思う。

隙間時間で面接準備。
なんとなく回答のイメージが湧いてきた。

質問に対して。
●●です。
具体的には●●の経験があります。
それは御社の●●に貢献できます。
の繰り返しかな。

つまり自分の経験の棚卸が非常に大事ということ。

ノンプロ研
・ラジオ編集＆予約投稿
・コミュニティ講座のスライド完成。
・なんとかスライドが完成した・・・
・オープンラボ。
・転職活動さえ落ち着けば・・・いろいろ挑戦できるんだけど。

とりあえず転職活動を・・・"
Diary,6,2026/02/08 23:30,2026/02/09 00:00,0:30,,,"転職活動について
・スキマ時間でずっと準備をしていた
・月曜と火曜日の面接準備
・過去に受けた面接とはわけが違うぐらいの準備をしている
・まだまだやらなきゃいけない気もするが、自分の理想的には結構限界ですよ
・残りの3社のうち一社にに必ず決めたい
・それくらいの準備をしましょう

プライベート
・日曜日だけど母は仕事。
・芽依と一緒にイオンにいって、ケーキの材料を買ってきて家でつくる。
・夕飯はヴィクトリア
・航太はこの2日間漢字のドリルをまあまあ頑張った。
・何度言ってもテレビの前でやったりもするけれど、それでもかつてないくらいの量を2日間で頑張ったとは思う。"
Diary,7,2026/02/09 23:30,2026/02/10 00:00,0:30,,,"転職活動について
キャリアリンクの面接が終わった
今までの面接よりかは手応えはあった
というのは適度なアピールができたと思う
行政関係の経験があるとか
日々提案書とか入札書類を準備しているとか
これからアマネジメントとか業務改善ができるとか
反省点としては
過去の実績をこの会社にどう展開できるかというところがちょっと足りなかったかもしれない
あとは笑顔を意識できたこととか落ち着いて話せたことは
多分あまり早口にならずに話せたとは思う
ただやや話が長くなってしまった可能性はあるが仕方がない
まきことか is の方が行きたいけど多分ここしか決まらなかったら行くのかもしれない
まあここも通るかどうかはわからないけどね
確実に成長というか面接の経験を詰めている気はする
もういい加減やめたい

夜の電話面談
確かに自分がやったことの談義とを相手に伝えることは必要なのかもしれない
それからキャリアについては建てか横
簡単には管理職を目指したいということを言えばいいんでしょう
まずはプレイヤーとして与えられた数字を出す
その上で管理職を目指してより遠くへよりみんなで行く
管理職は罰ゲームだなんて言葉もありま実際そう感じる場面もありますがじゃあプレイヤーでずっと痛いかと言われればそうではない

仕事について
今日は午前中3時間ネットが繋がらなかったよ
まあうち1時間半ぐらい面接でいなかったけど
回線の工事をして良くなるはずが全然良くならない
本当に回すんじゃないか

それから京都の件
今日と女性部長等の交流の件
全然話が違うじゃねえか
先週話しに行ってきたら何だったんだよって感じだね"
Diary,7,2026/02/10 23:30,2026/02/11 00:00,0:30,,,"転職活動について

アイネスの面接でした。
ある意味ボロボロでした
適正検査を2つあるうちの1個やってませんでした
当日の午後に知らせてもらってすぐやりました
ステーションワークの予約場所を間違ってました
結果22お金を払いました
面接が1時間になったら1回抜けなければいけないというやばい状況でしたがそこは何とかなりました
面接官の人が顔を洗っていたけど多分笑ってなかったです。
ただ現場の所属長はこの人となら一緒に働いてもいいかなと思えるような良さげな人でした"
Diary,7,2026/02/11 23:30,2026/02/12 00:00,0:30,,,"転職活動について
また新たに8社ぐらいの応募依頼をしてみた
今受けている3社のうちの1つにもちろん決めたいと思っていたが、
絶対決めなければいけないというプレッシャーが少し和らいだ気がする
ただ今日申し込んだ会社までで決めないと、ヨーロッパに行く前には決まらない、3月中に決まらない可能性がある出てくる

自己 PR も 強みもなんなら長所も運がいいでいいじゃねえか。
自分の〇〇は運の良さです。
飛行機に遅れそうな生徒がいたけど航空会社にこうしますで乗せてもらいました
クレーマーの方とハワイに行ったけどちょっとした一言で許してもらいました
中国の航空機突然キャンセルされたけど何とか人の手をコネを使って予約を取り返しました
全然使ってくれない会社だったけど頑張って行ったらなんとか、ラッキーなこともあってほぼ全部仕事が来ました
運がいいとは申しましたか、諦めずに行動した結果必ず何だかの結果が出たということで、運がいいと申し上げてしまいました

これでいいんじゃねえか

ノンプロ県について
コミュニティ講座 卒業 LT でした

家族について
妻が久しぶりに服を買って超機嫌です
まともに買ったのは1年以上ぶりくらいらしいです"
Diary,7,2026/02/12 23:30,2026/02/13 00:00,0:30,,,"家族で東京へ
航太が羽田空港で頭痛がすると言い出してちょっと焦ったが少し休んだらすぐ良くなった
自分と息子ははとバスツアーへ
結果別行動して良かったと思う
16時半にはホテルに入りゆっくりできた
妻と芽依は夕食を食べた後またディズニーシーへ行った
帰ってきたら21時半、小さな体でよく頑張ったね

転職活動
アイネスから早速一時面接通過の連絡がきた。
安心した。
もちろん油断はできない。
が、札幌の所属長と採用担当の面接が通って、
このあと役員に落とされるってよっぽどのことがなければないと思う。
準備だけしっかりしよう"
Diary,7,2026/02/13 23:30,2026/02/14 00:00,0:30,,,旅行2日目
Diary,7,2026/02/14 23:30,2026/02/15 00:00,0:30,,,"今日はキッザニア東京へ
11時について15時までいた
航太はパイロット、重機の運転地下鉄の運転などを体験した
メイはガソリンスタンドのスタッフ、お菓子作り、鉛筆作りを体験した
航太はもうキッザニアはいいかな
もう小学校高学年はそんなに行くとこじゃないかもしれない
ただ土曜日だけど思ったよりも空いていたね
少し人気に陰りが出てきたのかな
今度旅行に来る時はディズニーランド+キッザニアコースはそろそろいいかもしれない

やっぱり旅行は楽しいね
非日常を味わえるだけでとても楽しいです

転職活動について
ちょうどこの3日間大きな進展がなくてゆっくりリラックスできた
とはいえ面接対策は考えることが限りない
それなりに準備をしたつもりでもやることはいくらでもある
想定問答集に答えることもたくさんある
企業研究もやろうと思えばいくらでもある"
Diary,7,2026/02/15 23:30,2026/02/16 00:00,0:30,,,"転職活動について
調べれば調べるほどリコージャパンが良い会社に思えてきた
できればここが良いな
でも最悪最悪じゃないなアイネスだって良い会社だと思う
アイネスで最終に行っていて良かった
この安心感はだいぶ違う
後がない状況でリコージャパンだったらきつかった。
この安心感があるから多少攻めることができる

それから jr北海道 も書類が通ってしまった。
しまったまさかだよね。
jr北海道 だと転職理由とかがこれまでと違ってしまうので考え直さなければいけない。


その他
旅行の疲れが少し残っていますね"
Diary,8,2026/02/16 23:30,2026/02/17 00:00,0:30,,,"転職活動について
リコージャパンの面接でした
かなり準備をしていった割にはちょっと不発だったかもしれない
ちょっと残念だった
ためだったらどうしようと思ってしまう

聞かれたこと
・自己紹介
・主な顧客と売り上げ目標
・天井でのトラブル対応
・コロナでの業務改善について
・20年働いた会社を辞める覚悟
・キャリアプラン

・マネジメント
・飛び込み営業について
・現在の会社への不満
・転勤の会費について
・家族について

・自分の職務経歴書を読み込んでくれてそこから質問してくれたのは好印象だった
・その分一般的によく聞かれる質問ではなかったのはちょっと困った
・ホームページとか見ていると本当に最高の会社に思えてくるが実際に話を聞いてそんなに甘いものではないと改めて自覚できたのでそこは良かった

会社について
今朝も2時間ぐらいネットが繋がらなかった
どうやら自分がいなかった選手の目標日も相当ひどかったみたいでほとんど午前中は仕事にならなかったようだ
これで原因不明って言うんだからもう終わっているかもしれない"
Diary,8,2026/02/17 23:30,2026/02/18 00:00,0:30,,,"転職活動について
アイネスの最終面接の日程が決まった
2月の26日木曜日
本当に2月の末だ
これで決まれば2月中に決定という目標は達成するが、
だめだった場合は4月1日の入社は限りなく厳しくなってくる
これからの1週間が過ごし方をとっても大事だ

今日はジャパンの結果は届かなかった
２～３日で来ると思うんだけどな
て気にしても仕方がないので何か違うことに集中をしたい
頻繁にメールを確認する癖をなんとかしたい

その他
母のご機嫌がよろしくたかったので先に仕事に行ってしまった
なので子供に家を出た
8時10分になってしまった

会社について
結局今日落ち着いたのは
モニター+パソコン＋テンキーのセット
モニターが大きな画面とはいえ1画面はやはり辛い
かと言って2画面にできるほどの大きさのモニターでもない
今朝のネットは昨日ほどひどくはないとは言え、
やはり時々繋がらない時間が結構ある"
Diary,8,2026/02/18 23:30,2026/02/19 00:00,0:30,,,"転職活動について
ソリトンズシステムというところから書類通過の案内が来た
持ち駒が増えたのでちょっと安心
セキュリティの会社のようだが割と評判は良さそうだ
結構働きやすいのかもしれない

そしてリコージャパンからも最終の案内が来た
かなり失敗したと思ったから一安心
基本的にはアイネスかリコージャパンのどちらかで絶対に決めたい
そうすれば2月中に転職活動が終わることになる

仕事について
今日は菊池さんと外勤
この1年で立派に成長してくれたようだ
これでも自分がいなくても安心かもしれない
まだ長太が辞めることを知らないようだ
俺が辞めることもまだ知らないのかな？"
Diary,8,2026/02/19 23:30,2026/02/20 00:00,0:30,,,"転職活動について
・A４ノートに深掘りをし始めた。
・これはこれで大切なこと。
・一方AIとの対話も始めた。
・これは深掘りされるのはいいけど、どんどん上げ足取りになってきて、思った通りにいかない。

仕事
・暴風雪で小学校が3時間目から。
・朝家で仕事したけど、こっちの方がネットもPCも快適だからはかどるのではないの？
・今日はそこまでネットがとまる時間は少なかったけど、それでもいろいろ遅いよね。
・そういえば千歳便が欠航になって、今日はお客様にもまぁまぁ影響がでた。

笠松さんと温子さんと
・ついに辞めることを言ってしまった。
・もしかしたら知っているかなと思っていたけど。
・こんなことで泣いてくれる人がいるなんてありがたいですね。
・長太さんに対する評価はだいたい一緒のようだ。
・そして「あのおじさんたち自分が楽することしか考えていない」というのは、本当に同じことを思っていたので、みんなそうなんだ。
・それより心配なのは、飯間さんももしかしたらやめたりするのかな？
・そして、明日ついに内示で公になる。"
Diary,8,2026/02/20 23:30,2026/02/21 00:00,0:30,,,"転職活動について
ノンプロ研の部活#あなたの強みをみんなが教えてくれるチャンネルに投稿してみた
数々の勇気がもらえるコメントに感謝感激
このまま印刷して面接官に出してやろうかと思う
だって周りはあなたにのことどう思ってますかって言われても伝わんないよね
こういう証拠を出すのが一番伝わるのではないかね。

人事発令が出ました
自分の名前がなかったのでいよいよ退職が現実味を帯びてきました
夕方終礼があって新しい来る人の発表があってそこで自分のことも発表されるのかなと思ったら結果するされた
いろいろ理由はあるとは思うけれどこうなった以上外部の部から知られるのは避けたいと思ったので、
小田さんと有見さんにLINEを送った。
菊池さんを夕食に誘ってやめることを伝えた。
色々と考え深いですね

とは言え次の会社も決まっていないのでやることはたくさんある。
集中しなければいけない。
これから面接4件あるし。

面接4件準備するって本当に大変。
嫌ではないけど時間がかかる。
転職エージェントが書類通過率が食いからたくさん受けましょうという理由もよくわかるし、サラタメさんがそんなにいつとにたくさんの会社の準備なんかできないんだから会社は絞ろうっていう理由もよくわかる。"
Diary,8,2026/02/21 23:30,2026/02/22 00:00,0:30,,,"転職活動について
今日はJR北海道の試験だった。
面接結構準備したのに意外と拍子抜けだった。
というのは、もっとやりたいことは何ですかとか何ができますかとか志望動機とかもっとたくさん聞かれるかと思ったけど意外と聞かれなかった何を聞かれたかな
・大学のこと
・なぜアジアのことを勉強しようとしたのか
・企画の仕事をしたのか
・最初は駅の配属だけでいいのか
・年収は少し下がりそうですね
・なぜこの年で転職をしようとしたのか？
・扶養家族のこと
・入社時期のこと
・病気を持ってないか？
だいたいそんな感じだった気がする。

クレペリン検査とそれから JR 独自の適正検査。
大変だった。
手が疲れた。"
Diary,8,2026/02/22 23:30,2026/02/23 00:00,0:30,,,"転職活動について
ここまでを振り返って。
あまり過去の営業成績で何倍にしましたとかたとかそんなのあんまり関係ないのかもしれない
その時に何を払いに考えてどんな行動をしてどんだけ結果がでましたって。
そういうことの方が大事かもしれない。
なんか転職活動の面接がだんだんわかってきた気がする
そしてもうすぐ終わりが近づいてきたらいいな

家族で地下鉄を使って町の方に行った
コータを歩かせることが目的
おかげさまで1万5000歩ぐらい歩いた
芽依はショップ、あとはパルコをぶらぶらと
最後に大通りのちかほでやっていた丘珠空港フェスティバル
帰ってきたら疲れて昼寝をしてしまった

面接の準備はノートに色々書いたりはしたが本当はもうちょっと時間をかけたかった
今週1週間が勝負
後悔がないように頑張りましょう"
Diary,9,2026/02/23 23:30,2026/02/24 00:00,0:30,,,"転職活動について

まずソリトンシステムズのことを調べた
セキュリティの会社ということでなかなかイメージがわかんなかった
ただ1ゲートという多要素認証とかセキュアワークスペースというとこでもセキュリティを担保された中で[テレワークができる環境というのは素晴らしいと思う
これだと自分が働くイメージが少し湧く
それから歴史があるんですね
そして自社商品がとても強いということ
これから遠隔地操作なんかもやっている
そうだ映像を送ることで遠隔操作ができるというのは素晴らしいかもしれない
だんだん自分のやりたい会社に見えてきた

それからアイネスについてもまた改めて調べた
この会社もとても良い会社だ
続きバトン
インクルコネクト
AI 相談 パートナーなど
自治体の職員さんの課題解決になるシステムが大変素晴らしい

ミラノコルディナオリンピックが終わった
転職活動が忙しかったこと、それから時間がほぼ深夜だったことなどもあり
ほとんど見ることはできなかった
ただ総集編をちょっと見ただけでも涙が出てきた

4年間かけて1つの音に打ち込んでだからと言って絶対望んだ結果が出るわけではないというのは本当に大変
例えばスキーのジャンプなんかは天候の影響も大きい
スノーボードとかフィギュアとか何百回成功しても本番でたった1回会社だけで4年間努力が無駄になってしまう
周りからしたらまだと思わないけど本人からしたらなんでこんなことにっていう風になってしまうと思う
4年間を一つのことにかけるというのは本当に自分にはそんなことできないと思う
そもそも自分の価値観がオリンピックの金メダルよりも年間王者の方がよっぽど素晴らしいというふうに思ってるけどでもすごいよね"
Diary,9,2026/02/24 23:30,2026/02/25 00:00,0:30,,,"転職活動について
初めて色覚異常検査を受けた
全然わかんなかった
自覚はあったがここまでとは思わなかった
これもし運行に関わる仕事だったら絶対落ちるよね
ていうか今回の検査でも落ちるかもしれない。

翌日面接のソリトンシステムズについて調べてみた
昨日やっておいて良かった
よくよく調べるととてもいい会社だ
セキュリティの会社だから自分に合うのかなって思っとりましたけど
小樽市教育委員会の話とかを調べてみると、
とてもやりがいがある感じがする

あとは基本的に転勤がないということも魅力だし、
慣れてきたらリモートワークもうまく組み合わせれるのかなと思ったらそれはそれで魅力を感じる
今受けてるところが全部ダメだったら4月からしばらく休んでもいいかもしれないね
どっちにしろ2月で募集のスピードは緩めてもいいかもしれないね。

仕事について
少しスケジュールが見えてきた
今週末と来週で挨拶回りに行く
来週月曜日に書面の引き継ぎをする
あとはヨーロッパに行くだけ"
Diary,9,2026/02/25 23:30,2026/02/26 00:00,0:30,,,"転職活動について
今日はソリトンシステムズの面接
なんか履歴書見ながら思いついたことを質問された感じだった。
あらかじめ質問することを決めていたのは転職理由志望動機ぐらいだった気がする
なんか相手の目を見て話さない人だったな
でも悪い人ではなさそうだ
人柄は良さそうな感じだった
やってることも面白いしスキルも身につきそうだし、
ここしかなかったらきっと行くんだろうなっていう気もする"
Diary,9,2026/02/26 23:30,2026/02/27 00:00,0:30,,,"転職活動について
今日は2件の最終面接がありました
連続で2件はさすがに疲れました
どんなに準備をしても全ての質問に上手に答えることはできません
そもそもアイネスもリコーも1次面接が全然うまくいった感じがしなかったからそれに比べればマシな気はしなくもないけど、
でもアイネスはまず人事部長が厳しいことを聞いてくるし
どういう営業のイメージを持ってますかとか
どちらにも共通していたのはやはり教会が変わること
それから年齢的なことを聞いてきた気がする
リコーではこの年でこの職場を離れることについて結構聞かれたけど
3年間育てたとそれから上司が背中を押してくれたって言ったのは伝わったかな、
リスクを取らないことが最大のリスクであるという話もできたし、
最後支社長の東神楽の件勘違いしていたことと、面接のマナー的なものがもしかしたらマイナス要素かもしれないか、
なんか不安、本当に不安で通るかどうかとか全然わかんないけど、
まあある程度伝えられることは伝えられたのかなとは思います

これでダメだったらゆるてんという名のがちてんはやめて本当のゆるてん点をゆっくりやりたいと思います

ダメだったらダメでそれも運命というもの。
ベンチャーでフルリモートみたいな仕事とか、
少し旅行業界に寄った仕事とか
最後はケニーさんに頭を下げるかそんなことを考えていきましょう。

あんだけ準備してこれかっていう気はするしこんなもんかなとも思うし"
Diary,9,2026/02/27 23:30,2026/02/28 00:00,0:30,,,"転職活動について
ソリトンシステムズがダメだった
正直通るのかと思った
何がダメだったのかわからないが
任せたい仕事と全員構成を考えたとのこと
だったら最初から43歳欲のという気もするか

そして先日受けた二者の最終面接
なかなか気が切れないね
でもだめだからと何かをしないわけでもないし
その時はその時と考えるしかない
そもそもそういう運命
10年後にこれで良かったと思える日が来るはず
もっと大変な人はいくらでもいる
これも良い経験と変えよう

ただ面接では大きな失敗をしたわけでもないし
あれだけ準備も時間を費やしたから
もうどうなっても後悔はない
ダメでもまた頑張ろう
100社受けて1車受かるくらいのつもりでいいかもしれない

3月前半は引き継ぎと天井に力を入れなければ
やりたいこともたくさんあるし
オープンラボとかね

ヨーロッパは40万ぐらい赤字かもしれない
最後だから仕方ないね
まあこれまでいい思いもたくさんさせてもらったし
海外のリスク高いね

結局今日は2社とも結果を来なかった
なんかアイネスは翌日に来るようなことエージェントが言ってたから来るかと思ったけど
ただきっと月曜日に来るんだろうね
週末の過ごし方がなかなか辛いができることに集中するしかない"
Diary,9,2026/02/28 23:30,2026/03/01 00:00,0:30,,,"転職活動について
特に進展はなし
もう待つしかない
ためならネクストアクション
ダメだったら失業保険を調べましょう

メイのJUNスポーツクラブへ
それから昭和天皇物語の漫画を色々読んだりしてみた
後は割と久しぶりにのんびり過ごせたという曜日でした"
Diary,9,2026/03/01 23:30,2026/03/02 00:00,0:30,,,"イランどうなっているんだ？
来週のヨーロッパ行けなくなってくるんじゃねえか
日程を変えずに別ルートの航空券取れるのか
しかも金額を変えずになって
現状では正直ちょっと難しいと思っている
昨日までは大丈夫だと思ったけど今朝になって急に状況は変わった
イランの最高指導者が突然殺害されるとか
これが当たり前の時代になるって恐ろしい
これ中国が台湾に攻めても何も行けなくなるよ
天井がないのは日程的にはありがたいがつもりなのでちょっと肩透かし
これから1週間大変になるな"
Diary,10,2026/03/02 23:30,2026/03/03 00:00,0:30,,,"転職活動について
今日結果が出るかなと思ったけど、今日も来なかった。
だんだん不安にもなってくるが、もう少し待ちましょう

お仕事について
とわの森の海外添乗はほぼほぼなくなった
こんなに早く結論が出るとは正直思ってなかった
でも物理的にいけないし、仕方がないよね
こんな形での引き継ぎになってちょっと申し訳ないが

急遽学校に行ったこと校長先生と話ができたことあったと思う
この辺の対応は良かったのかなと思う

書面で色々と引き継いだ
自分がこれまでやってきたこと
LINE とか消防隊長とか諸々細かいことがたくさんあったんだけど来れたらやりますって聞いたらみんな気づけないの何なんだろうなって思う
これだけのことを一人に言わせておいて分担しようとしたらみんな自分はいりませんみたいな残念ですね"
Diary,10,2026/03/03 23:30,2026/03/04 00:00,0:30,,,"転職活動について
今日も二社とも結果が来なかった
さすがにちょっと心配になってくる
これは4月以降の無職を本気で考えなければいけないかもしれない
失業保険のこととか色々と調べた方がいいかもしれない
ここからまた1から転職活動を始めるのはなかなか大変ではあるが
気持ちを入れ替えて頑張りましょうかね
1回リセットしないと難しいね

仕事について
今日は望月さんと支店長と学校の挨拶回り
そしてヨーロッパの県はほぼほぼ正式にキャンセルが決定
とは取り消し量の相談と新しい企画
まだ動けるわけではないがこの感触で行くと
4月の頭ぐらいしか生徒が動けない可能性が非常に高いとのこと

おかげで3月余裕ができたと言えばできたが
完全には休めないのかもしれない"
Diary,10,2026/03/04 23:30,2026/03/05 00:00,0:30,,,"転職活動について
アイネスから見送りの連絡が来た
いよいよ厳しくなってきた
4月からの食の可能性も十分検討しなければいけない
今それはそれとして
・ためても落ち込む必要はない
・受け入れるだけ
・次に向かうだけ
と10年後に来れてよかったと思える日が来るはず
今日来るかなと思ったけど結局来なかった。

仕事について
・今日で後志の４JAを回った。
・来週と道南と伊達・洞爺に行くしかないかな
・日帰りはきついから1泊かな。
とわの森が落ち着けばいいんだけど

退職関係の書類が届いた
退職金はなんとほぼぴったり1000万円
振り込まれるのは998万円
だいたい想定通りでよかった"
Diary,10,2026/03/05 23:30,2026/03/06 00:00,0:30,,,"家族のプレッシャーがない
これだけでかなり救われている
本当に感謝
3月は少し休んでもいいかもね
4月から頑張ろう
共助会辞めたら5万円ももらえるんだ
自分は色々と恵まれていると思う
うまくいかないのはきついけどそれも仕方がない
うまくいかないことを楽しみましょう

リコージャパンもダメでした
フィードバックが ICT の経験が少ないっていうのが
最終面接ではあまり突っ込まれなかったとこだから正直に落ちない気がしなくもない
だったら1次面接で落とせばよかったのに
これ以上自分がやりたい会社があるのか」って感じだけどね
一通りそれっぽい会社は全部受けたからね
ここまで結構頑張ったし、相当時間かけたことが無駄になった気がしたのがちょっと辛いね
なかなか簡単に行きませんね
ここからまた書類を送って約10社に1社が通って面接をってなかなか気力がわかないね
1回休んだ方がいいのかな"
Diary,10,2026/03/06 23:30,2026/03/07 00:00,0:30,,,"お仕事の話
とわの森も沖縄組み直しの件
午前中色々やってホテルもなんとか確保して
何とか形にできたら、
これでほぼ決まったと思ったら
大きく変更したいとのこと
予算の16万円台にしたいって
結構きつい
また来週やり直し
時間が大きく変わる


小田さんとあつこさんと会食
よく考えたらこの会社変な人多すぎ
この会社が多いのか世の中が多いのかがわからないけど
3年前の中村福田長沼に始まり
北見の堀川さん、加藤さんはまだ普通かな、奥村さん
旭川の坂上さん
まそれから永田さんも同じ系統かな
なんかここ数年本当に変なというか変わった人しかいなかった気がする
本当にこの会社だけなのかな

管理職に対する不満がなかなかすごいよね。
まあこれも本当にそうなのか
そもそも管理職っていうのはこれぐらいの不満を持たれるものなのか
なかなか難しいところではありますが

まあ後は自分は幸いなことに嫌われてはいないし
やめることでたくさんの方が悲しんでくれるのはありがたいことだけど
そもそもそれでいいのかという心配もある

嫌われても事業を前に進めなければいけないという面もあるしね
なかなか難しいところですね"
Diary,10,2026/03/07 23:30,2026/03/08 00:00,0:30,,,"転職活動について
あそこで決まっていれば今だいぶ精神的に楽なんだろうなという風には思わざるを得ない
それでもここで挫折を経験したからこそ,応援してくれるという人がたくさんいることが分かり
大変ありがたい
感謝感謝

JR 北海道のの最終面接の案内が来ていたけど
駅業務だったらもう辞退しようかな

Google アンチ Gravity
インストール完了
なかなか面白いかも
フォルダーを勝手に作ってくれるとか
フォルダー名を変更してくれるとか
まだまだそんなレベルだけど
使いこなせたら楽しいかもしれない"
Diary,10,2026/03/08 23:30,2026/03/09 00:00,0:30,,,"午前中に航太の友達が遊びにきた。
しょうきくん。
何回か断ったから今日は来てもらったけど、
２人で何をするでもないし・・・
そもそも親が自分が仕事だってこと黙って送り出してくるし、
なんだかなって感じ。

午後はノンプロ研ロブロ部に参加。
目が疲れた・・・
芽依はそれなりに楽しんでもいたようだけど、
死にまくって、もう別のゲームやりたいって言っていた。
画面の前では借りてきた芽依になるのに、画面が黒い中では
「パパダメ！」とか「あーもう！」とか言いたい放題。

転職活動について
そろそろ少しずつ動き出そうかな。"
Diary,11,2026/03/09 23:30,2026/03/10 00:00,0:30,,,"日記
これだけ AI ファーストの時代になったら手書きはもちろん大事だけど デジタル化する作業がマストになってくるよね
自分がやった作業をデジタルに残しておくことも大事
ほぼ日の苦労が欲しいなと急に思い始めた
ネットは動かないしエクセルは開かないしこの環境はもう我慢ならない

AI エージェントは執務室
これまではどこでも同じ環境で仕事 できることが正義だと思っていたので自分の PC にインストールという発想がなかったのは とても新鮮

エクセル21打ち込んで見積もりや工程を作成する時代も終わりになるのかな

よく考えたら旅行のプランもいかに早く作るかが仕事になっていてじっくりプランを作るという発想がなくなってくる

これから AI エージェントの時代が来るという意味がなんとなくわかってきた気がする

フロリモートの仕事ってある意味いいかもね
超給料が減っても家にいることで妻が仕事に出られるソースとトータルで考えれば我が家としてはいいのかもしれない

北見に移動になった長沼が知的障害の証明書を出して急遽本社へ
中村は JA 新しのつの面接が待っている
朝会社に行ったら高いセンター長と支店長が有見さんのことはこうな言っている
ありみさんは自分に引き継ぎの書き方を聞いてくる
なんか人のことで色々ありすぎて大変な気がしてきた

■ゆるてん
・元々大手はあまり行きたくなかったからだんだん傷も癒えてきた
・大手だったらいきなり AI エージェントを使おうぜ みたいな話に なかなかならないよね
本当に次の仕事見つかるのかちょっと自信がなくなってくる"
Diary,11,2026/03/10 23:30,2026/03/11 00:00,0:30,,,"仕事
とわの森に1人26万の明細を出してきた
大変理解がある校長先生で助かる
当社の顧問弁護士の見解はどうなるのだろうか
全額当社負担になってしまったら本当に辛い

帯広の中西が4月でやめたいと言い出したらしい
なぜこのタイミングなんだ？
社会人としてあまりよろしくはないと思う

ゆるてん
さて少しずつ動き始めましょうか

タスク管理をスプレッドシートでやろうと思う
ブレッドシートに記入したことを Google カレンダーに転記しようと思う
やはり時間に何をやったかカレンダーに記録するのが良いと思う
ただやったことを都度 Google カレンダーに入力することは本当に大変で現実的ではない
Google to do リスト活用しようとも思ったけども、これだと変更に対応できない
まずは Google スプレッドシートに入力していずれ アップシートに変更していきましょう

またヘルペスになった
前回が12月末だからたった3ヶ月
ストレスなのかな疲れなのかな

最近 Kindle unlimitedで変な漫画ばっかり読んでいる"
Diary,11,2026/03/11 23:30,2026/03/12 00:00,0:30,,,"お仕事について
今日は JA道央管内の挨拶回り
自分と長田が2人辞めるって言うのは非常に言いにくかった
まあ仕方がない
スプレッドシートでプロジェクトをタスク管理を始める
デモができつつある
完了ボタンを押したらやったことと 時間が Google カレンダーに飛ぶようになっている
こうするとどの時間からどの時間まで何をやったかが分かりやすくてとてもいいと思う

とわの森の件は20%しか請求できないようだ
後は企画料金を10%取れなくもないがそれでも請求できるのは16万円程度

実際1人25-6万かかっている
約300万円赤字になる計算

転職活動について
とりあえず3社ほど応募をしてみた
これからも少しずつ応募してみましょう"
Diary,11,2026/03/12 23:30,2026/03/13 00:00,0:30,,,"AI エージェント
ジェミニー cli とキットのインストール完了
しかしまだ何をしていいかよくわからない
とりあえず色々試してみよう
4月からのルーティンを少し考えようかな
日記を Googleカレンダーではなく他のところに保存するのがいいかな

会社でウイルスソフトのインストール
PC が遅いのかネットが遅い かめちゃくちゃ 時間がかかった
自分がいなくなったら誰がやるんだろう
誰かがやるからいいんだろうけど
誰かに負担がかかったいらないことを願うだけ

転職活動について
またゆるてんが始まる
BPOって自分に向いてるかもしれないね
また書類を10社送って一切通るという戦いが始。
あまり気弱すぎるとメンタルが疲れるから気負いすぎない方がいいかもね
どこと会うかわかんないし
とりあえず気になるところは試して申し込むぐらいでいいのかな

菊池さんを連れてケニーさんとナンシーさんと食事
ま話すの盛り上がったし時間もあっという間だったし楽しんでもらえたと思うんだけどどうだろうかな
ま今後どうなるかわからないけど
とりあえず今回は楽しい時間を過ごせたので良かったと思います
またいる点が始。"
Diary,11,2026/03/13 23:30,2026/03/14 00:00,0:30,,,"永遠の森がほぼ決着
学校が差額全部出すって
15万×28名分=4200円だって
そんなことあるのちょっと驚きですね
いや校長先生の判断すごいわ
感動するレベルだね

ネッスーという会社からスカウトが届いた
本社が東京で原則出社ということだから何かの勘違いかと思ったけど
北海道でよ営業を探してるということ
子供の教育格差を減らしたいというミッションがあるので非常に興味はある
ただあくまでカジュアル面談なのであまり期待しすぎないようにしましょう"
Diary,11,2026/03/14 23:30,2026/03/15 00:00,0:30,,,
Diary,11,2026/03/15 23:30,2026/03/16 00:00,0:30,,,"WBC は ベスト8で敗退
ベネズエラ強かったよね
残念だけど力負けした感じ
かつチャンスがなかったわけではないけど相手がすごかった
仕方がないね

転職活動について
仕事見つかるのかな
100社うけて一緒ぐらい受かるかな
6月ぐらいには仕事したいよね
苦労するとは思ってなかった
でもきっとこの苦労が役に立つはずだと思っている"
Diary,12,2026/03/16 23:30,2026/03/17 00:00,0:30,,,"お仕事
今日は菊池さんと伊達と洞爺へ挨拶回り
これで一通り JA への挨拶回りは終了
結局道南は行けなかったね
菊池さんがマッチングアプリを始めたことを車の中で聞く
世帯の違いでしょうか

生成AI パスポートの学習
ノートのメモをノートブック LM に投げて Podcast で聞いてみる
この勉強の仕方は時間がない時には意外とありかもしれない

家族
航太が掛け算の問題を全然できなくて母がブチギレ
確かに5年生でこれができないのは将来が心配になってくる
本当に一人では生きていけないよね
行政とか誰かの助けがないと"
Diary,12,2026/03/17 23:30,2026/03/18 00:00,0:30,,,"仕事について
やっととわの森の4月の手配がほぼほぼ終わってきた
これから退職関係のメールの下書きもだいぶできてきた
残り2日
なんとか終わりそうな目処が立ってきた

転職活動について
ネッスーという会社がとても良い会社に思えてきた
代表の方から自ら個別にスカウトをもらったのでこれは少し期待してもいいかもしれない
ただ冷静にあまり期待しすぎずに考えましょう

戦略を少し見直した方がいいのかもしれない
自分のキャリアを客観的に考えたら
マネージャーとか、立ち上げで自走できるとか
そういう方が向いてるかもしれない
だからエコナビしたとかカラミックで書類が通ったのかな
今 申し込んでいる it 関係が全部ダメだったら
路線を少し変更しなければいけない

やりたいこととやれること
この交差点を見つけるのはなかなか難しいよね
it 関係は 手詰まりになってきたけど別の路線で調べればまだまだ出てくる
これでダメだったら路線を変更しましょう

今日も8時50分ににインターネットが繋がらない
10時半現在まだ復旧しない
ネットワークが繋がらないと何もできない
この損失は会社とした大きすぎるよね"
Diary,12,2026/03/18 23:30,2026/03/19 00:00,0:30,,,"仕事について
とわの森で最後のうち合わせを終えて
萩原さんのところにも顔を出してきた
せんべつまでくれましたよ
ありがたいねありがたいね

転職活動について
今受けている it 関係がだめだったら
完全に路線を変更しなければいけない"
Diary,12,2026/03/19 23:30,2026/03/20 00:00,0:30,,,"一応今日で最終出社日。
来週もう1日出るのでそこまで感慨深いものでもないかも。
挨拶もなければ、お菓子を送るとかでもないので
ただいろんな方に最後の連絡を取った。
メールを送ったり、電話をしたり、LINE を送ったり。
いろんなメッセージをいただけて本当にありがたいね。
本当に人に恵まれた20年でした。

ＪＡ道央の常務と参事が送別会を開いてくれた。
とても楽しい時間でした。
やっぱりうちの店長はお客さんの懐に入るのが上手だよね。
前の支店長はコミュニケーション能力はあったけどやっぱりお客さんに遠慮してるというか壁があった感じがしたけど、
その壁を取っ払って懐に入るのはすごい上手だしまあそこは尊敬できますよね。"
Diary,12,2026/03/20 23:30,2026/03/21 00:00,0:30,,,"昨日はとても楽しい時間でした。
おかげで朝は食ったり。
朝もくはベッドでログインだけしたけど何もできず。
1日体が調子悪かった。
おかげで妻の期限もあまり良くなかった。
そんな中でまず車の洗車に行った。
それからこたつを片付けてコインランドリーにも行った。
udemyで講座をいくつか買ってしまった。
ノンプロ研のAI エージェントに全然ついていけないのか少し辛い。
なんとかここでAntigravityを少し覚えて追いつかなくては。"
Diary,12,2026/03/21 23:30,2026/03/22 00:00,0:30,,,"まだ一昨日のダメージが残っている？
午前中は妻が仕事へ。
少し昼寝をしてしまった。
航太と妻はエスコンへ
自分と芽依は千歳のラクガキッズへ
芽依は楽しかったみたい。
個人的にはあまり金額には見合っていないと思ったけどね。
夜はおやじの会の飲み会。
ほぼ新参者ですが、楽しめた。
もっといろんな人と仲良くなりたいね。
今回は
・小野寺さん
・鈴木さんと
・杉本さん
と同じテーブル

AIエージェント
UDEMYでAntigravityの講座を受講しているが、
少しわかってきた気がする。
ただ、まだGitの連携の意味がわかっていないけど。
フォルダ操作とかその辺はなんとなくわかってきがする。


Googleドライブを参照した方がいいのか、
新しくmdファイルをAntigravityに保存した方がいいのか？"
Diary,12,2026/03/22 23:30,2026/03/23 00:00,0:30,,,"今日は生成AIパスポート学習
毎週1章ずつ、少しずつ勉強するのが新鮮
具体的には月、火と勉強して木～日は全く別のこと勉強して、
また翌週の月、火に次の章を勉強するというペースが。

Antigravity
Udemyの講座で少しずつ分かってきた気がする。
これは面白いね。
一瞬Antigravityに手を出すの辞めようかな、通常のGeminiで充分かなって思ったけど、AIエージェントに手を出さないわけにはいかないね。
これからの仕事をするうえで。

昨日の疲れが出たのかな？
今日も午前中に1時間ぐらい昼寝した。

隙間時間でAIパスポートの問題をスマホでやったりしてみる。"
Diary,13,2026/03/23 23:30,2026/03/24 00:00,0:30,,,"今日から年休消化
まずはAntigravityの勉強を頑張る
Udemyの講座を受講してAntigravityに慣れる。
なんとなく慣れてきたけども、これは慣れるまで少し時間がかかるかもしれない。
無職のこの時間があることはとてもありがたい。

今日は小学校の卒業式。
家族は森本家と一緒に新千歳空港へ。
おかげで一人の時間ができた。

転職活動について
面接も連絡が一件届いた
あと4社か5社ぐらい書類選考落ちの連絡も来た

夕方ネッスーの木戸さんと面談
これは決。のではないかという予感がある
だって向こうが欲しい経験を自分は持ってるし
北海道の営業が欲しくて、JA のことも よくわかっている
会社の価値観とも同じ価値観を持っている
なんかこれで落とされたら何だったんだっていうぐらい
親和性があると思う

とはいえ何があるかわからないからこれまでの活動はそれはそれで続けるつもりです

読書について
菊池雄星の本を読んでいる。
この本は本当に面白い。
彼が日頃考えていることを文章にしているからよく伝わってくる。
例えば印象に残ったところは、最善は尽くすけど結果は気にしない的な話かな。あとは自分の置かれた立場で最善を尽くす、つまり体力的にも身体的にも優れていない中でどうメジャーリーグで勝負をするかということを考えている。"
Diary,13,2026/03/24 23:30,2026/03/25 00:00,0:30,,,"AIエージェントについて
ユーデミーの講座を2つ受講した
そろそろ自分の手を動かす番が来た
自分の手を動かしもう一度UDEMYに戻ってくればだいぶ身につくのではないだろ

バッグのオーダー。
約2年ぶり。
結果的に黒のミニトート（を購入してしまった
29万8千円でした。
でも、できるのがとても楽しみです。

転職活動について。
今、選考が進んでいる会社が。ダメだったら。大きく方針転換をしましょう。

マンションの理事会
タバコの吸い殻と動物のおしっこの問題があるらしい"